{
  "backup": {
    "name": "Test Backup",
    "description": "Test",
    "creator": "admin",
    "fileId": null,
    "downloadableUrl": null,
    "backupElements": {
      "apps": [
        "5c162e9005924c1c741bfdc2"
      ],
      "databases": [
        "5c17b4df7cf5e34530d103b9",
        "5dc786a40f4b6b13e0a909f2"
      ],
      "standards": [
        "5d25f6abe88d28422061cfaf",
        "5d3836194d8fa90874135d68"
      ],
      "charts": [
        "5dc786a40f4b6b13e0a909f3",
        "5dd02c6d1558c56c40d795e7"
      ],
      "dynamicLists": [
        "5d0f2dca6ba2fd4ca49e3741",
        "5d0f2dca6ba2fd4ca49e3742"
      ],
      "pages": [
        "5cf6190b854f4dbc7921cca7",
        "5c06a1854cc9a850bca4448c"
      ]
    },
    "encryptShalt": null,
    "createdDate": "2020-01-11T10:19:06.0427656Z",
    "id": "5e19a11ab7bf065744f5c44e"
  },
  "totalObjects": 11,
  "chainingFiles": [
    "apps.json",
    "standards.json",
    "dynamiclists.json",
    "databases.json",
    "charts.json",
    "pages.json"
  ]
}