[
  {
    "logo": "important_devices",
    "defaultUrl": "/portal/page/apps-management",
    "author": "Admin",
    "currentVersionNumber": "0.0.1",
    "dateCreated": "2019-12-13T16:55:13.422Z",
    "dateModified": "2019-12-13T16:55:13.422Z",
    "menus": [
      {
        "id": "5cf616bc462b56ee3bc2c7e1",
        "displayName": "Core",
        "icon": "settings",
        "url": "#",
        "order": 0,
        "parentId": null,
        "menuPath": "~",
        "hide": false,
        "subMenus": [
          {
            "id": "cc0efc5d-f80a-f33e-35e2-5d0c12b818c5",
            "displayName": "Apps Management",
            "icon": "camera_enhance",
            "url": "/portal/page/apps-management",
            "order": 0,
            "parentId": "5cf616bc462b56ee3bc2c7e1",
            "menuPath": "~/5cf616bc462b56ee3bc2c7e1",
            "hide": false,
            "subMenus": [
              {
                "id": "3a035505-871a-9c26-41a3-9314ee5c080d",
                "displayName": "App Form",
                "icon": null,
                "url": "portal/page/app-form",
                "order": 0,
                "parentId": "cc0efc5d-f80a-f33e-35e2-5d0c12b818c5",
                "menuPath": "~/5cf616bc462b56ee3bc2c7e1/cc0efc5d-f80a-f33e-35e2-5d0c12b818c5",
                "hide": true,
                "subMenus": null
              }
            ]
          },
          {
            "id": "172fd9c3-0168-90d1-5de7-60b0acaa24ea",
            "displayName": "Databases Management",
            "icon": "view_module",
            "url": "/portal/page/databases-management",
            "order": 1,
            "parentId": "5cf616bc462b56ee3bc2c7e1",
            "menuPath": "~/5cf616bc462b56ee3bc2c7e1",
            "hide": false,
            "subMenus": [
              {
                "id": "578f1999-6d82-6d22-596d-b94827ded210",
                "displayName": "Database Form",
                "icon": null,
                "url": "portal/page/database-form",
                "order": 0,
                "parentId": "172fd9c3-0168-90d1-5de7-60b0acaa24ea",
                "menuPath": "~/5cf616bc462b56ee3bc2c7e1/172fd9c3-0168-90d1-5de7-60b0acaa24ea",
                "hide": true,
                "subMenus": null
              }
            ]
          }
        ]
      },
      {
        "id": "5d4d8adfae5f5b68b811ec24",
        "displayName": "Page Settings",
        "icon": "pages",
        "url": "#",
        "order": 0,
        "parentId": null,
        "menuPath": "~",
        "hide": false,
        "subMenus": [
          {
            "id": "cc0efc5d-f80a-f33e-35e2-5d0c12b818c5",
            "displayName": "Standards Management",
            "icon": "category",
            "url": "/portal/page/standard-list-management",
            "order": 0,
            "parentId": "5d4d8adfae5f5b68b811ec24",
            "menuPath": "~/5d4d8adfae5f5b68b811ec24",
            "hide": false,
            "subMenus": null
          },
          {
            "id": "172fd9c3-0168-90d1-5de7-60b0acaa24ea",
            "displayName": "Dynamic List Management",
            "icon": "view_module",
            "url": "/portal/page/dynamic-list-management",
            "order": 1,
            "parentId": "5d4d8adfae5f5b68b811ec24",
            "menuPath": "~/5d4d8adfae5f5b68b811ec24",
            "hide": false,
            "subMenus": null
          },
          {
            "id": "172fd9c3-0168-90d1-5de7-60b0acaa24c2",
            "displayName": "Charts Management",
            "icon": "bar_chart",
            "url": "/portal/page/charts-management",
            "order": 2,
            "parentId": "5d4d8adfae5f5b68b811ec24",
            "menuPath": "~/5d4d8adfae5f5b68b811ec24",
            "hide": false,
            "subMenus": null
          },
          {
            "id": "5cf618cd9ec1d3bf5c339614",
            "displayName": "Pages Management",
            "icon": "receipt",
            "url": "/portal/page/pages-management",
            "order": 3,
            "parentId": "5d4d8adfae5f5b68b811ec24",
            "menuPath": "~/5d4d8adfae5f5b68b811ec24",
            "hide": false,
            "subMenus": null
          }
        ]
      },
      {
        "id": "5cf61767db0f4125341873c1",
        "displayName": "Identity",
        "icon": "verified_user",
        "url": "#",
        "order": 1,
        "parentId": null,
        "menuPath": "~",
        "hide": false,
        "subMenus": [
          {
            "id": "5cf61827f2a8d9aa14fab275",
            "displayName": "Users Management",
            "icon": "assignment_ind",
            "url": "/portal/page/users-management",
            "order": 0,
            "parentId": "5cf61767db0f4125341873c1",
            "menuPath": "~/5cf61767db0f4125341873c1",
            "hide": false,
            "subMenus": null
          },
          {
            "id": "5cf6188388edcca91ef04879",
            "displayName": "Roles Management",
            "icon": "card_membership",
            "url": "/portal/page/roles-management",
            "order": 1,
            "parentId": "5cf61767db0f4125341873c1",
            "menuPath": "~/5cf61767db0f4125341873c1",
            "hide": false,
            "subMenus": null
          }
        ]
      },
      {
        "id": "5dcac739be0b4e533408344b",
        "displayName": "Services",
        "icon": "memory",
        "url": "#",
        "order": 1,
        "parentId": null,
        "menuPath": "~",
        "hide": false,
        "subMenus": [
          {
            "id": "5cf61827f2a8d9aa14fab275",
            "displayName": "Services Monitor",
            "icon": "system_update_alt",
            "url": "/portal/page/services-monitor",
            "order": 0,
            "parentId": "5dcac739be0b4e533408344b",
            "menuPath": "~/5dcac739be0b4e533408344b",
            "hide": false,
            "subMenus": null
          },
          {
            "id": "5cf6188388edcca91ef04879",
            "displayName": "Service Logs",
            "icon": "event_note",
            "url": "/portal/page/service-logs",
            "order": 1,
            "parentId": "5dcac739be0b4e533408344b",
            "menuPath": "~/5dcac739be0b4e533408344b",
            "hide": false,
            "subMenus": null
          }
        ]
      }
    ],
    "menuProfiles": [],
    "name": "core-app",
    "displayName": "Core",
    "timeSpan": 637118529134220427,
    "id": "5c162e9005924c1c741bfdc2"
  }
]