[
  {
    "definitions": {
      "chartTitle": "HTTP Counters",
      "chartType": 10,
      "mappingProjection": "name=name;value=value"
    },
    "databaseOptions": {
      "databaseConnectionId": "5dc786a40f4b6b13e0a909f2",
      "entityName": null,
      "query": "{\r\n  \"$query\":{\r\n    \"$union\": [{\r\n        \"monitorcounters\": [{\r\n          \"$match\": {\r\n            \"serviceId\": \"{{queryparams.serviceId}}\"\r\n          }\r\n        },{\r\n          \"$sort\": {\r\n            \"httpCounter.meansureDate\": -1\r\n          }\r\n        },{\r\n          \"$project\": {\r\n            \"name\": \"Success\",\r\n            \"value\": \"$httpCounter.successRequests\"\r\n          } \r\n        },{\r\n          \"$limit\": 1\r\n        }]\r\n      },\r\n      {\r\n        \"monitorcounters\": [{\r\n          \"$match\": {\r\n            \"serviceId\": \"{{queryparams.serviceId}}\"\r\n          }\r\n        },{\r\n          \"$sort\": {\r\n            \"httpCounter.meansureDate\": -1\r\n          }\r\n        },{\r\n          \"$project\": {\r\n            \"name\": \"Fail\",\r\n            \"value\": \"$httpCounter.failedRequests\"\r\n          } \r\n        },{\r\n          \"$limit\": 1\r\n        }]\r\n      },\r\n      {\r\n        \"monitorcounters\": [{\r\n          \"$match\": {\r\n            \"serviceId\": \"{{queryparams.serviceId}}\"\r\n          }\r\n        },{\r\n          \"$sort\": {\r\n            \"httpCounter.meansureDate\": -1\r\n          }\r\n        },{\r\n          \"$project\": {\r\n            \"name\": \"Total\",\r\n            \"value\": \"$httpCounter.totalRequestsPerDay\"\r\n          } \r\n        },{\r\n          \"$limit\": 1\r\n        }]\r\n      },\r\n      {\r\n        \"monitorcounters\": [{\r\n          \"$match\": {\r\n            \"serviceId\": \"{{queryparams.serviceId}}\"\r\n          }\r\n        },{\r\n          \"$sort\": {\r\n            \"httpCounter.meansureDate\": -1\r\n          }\r\n        },{\r\n          \"$project\": {\r\n            \"name\": \"Avg (ms)\",\r\n            \"value\": \"$httpCounter.avgDuration\"\r\n          } \r\n        },{\r\n          \"$limit\": 1\r\n        }]\r\n      }]\r\n  }\r\n}"
    },
    "chartFilters": [
      {
        "name": "httpCounter.meansureDate",
        "displayName": "Counter Date",
        "type": 4,
        "datasourceOptions": null,
        "rangeValue": null,
        "defaultValue": null,
        "allowDefaultValue": false,
        "isMultiple": true,
        "isHidden": false
      }
    ],
    "datasourceName": null,
    "options": [
      {
        "key": "allowrealtime",
        "value": "true",
        "description": null
      },
      {
        "key": "timetorefresh",
        "value": "60",
        "description": null
      },
      {
        "key": "comparerealtimefield",
        "value": "",
        "description": null
      },
      {
        "key": "datarange",
        "value": "",
        "description": null
      },
      {
        "key": "xformatdate",
        "value": "",
        "description": null
      },
      {
        "key": "colors",
        "value": "[\"horizon\"]",
        "description": null
      }
    ],
    "layoutType": 1,
    "allowOverrideOptions": false,
    "allowPassingDatasource": false,
    "name": "httpcounters",
    "displayName": "HTTP Counters",
    "timeSpan": 637118529133876601,
    "id": "5dc786a40f4b6b13e0a909f3"
  },
  {
    "definitions": {
      "chartTitle": "Hardware Counters",
      "chartType": 10,
      "mappingProjection": "name=name;value=value"
    },
    "databaseOptions": {
      "databaseConnectionId": "5dc786a40f4b6b13e0a909f2",
      "entityName": null,
      "query": "{\r\n  \"$query\":{\r\n    \"$union\": [{\r\n        \"monitorcounters\": [{\r\n          \"$match\": {\r\n            \"serviceId\": \"{{queryparams.serviceId}}\"\r\n          }\r\n        },{\r\n          \"$sort\": {\r\n            \"hardwareCounter.meansureDate\": -1\r\n          }\r\n        },{\r\n          \"$project\": {\r\n            \"name\": \"Cpu Usage (%)\",\r\n            \"value\": \"$hardwareCounter.cpuUsage\"\r\n          } \r\n        },{\r\n          \"$limit\": 1\r\n        }]\r\n      },\r\n      {\r\n        \"monitorcounters\": [{\r\n          \"$match\": {\r\n            \"serviceId\": \"{{queryparams.serviceId}}\"\r\n          }\r\n        },{\r\n          \"$sort\": {\r\n            \"hardwareCounter.meansureDate\": -1\r\n          }\r\n        },{\r\n          \"$project\": {\r\n            \"name\": \"Memory Usage (Mb)\",\r\n            \"value\":  \"$hardwareCounter.memoryUsedInMb\"\r\n          } \r\n        },{\r\n          \"$limit\": 1\r\n        }]\r\n      }]\r\n  }\r\n}"
    },
    "chartFilters": [
      {
        "name": "hardwareCounter.meansureDate",
        "displayName": "Counter Date",
        "type": 4,
        "datasourceOptions": null,
        "rangeValue": null,
        "defaultValue": null,
        "allowDefaultValue": false,
        "isMultiple": true,
        "isHidden": false
      }
    ],
    "datasourceName": null,
    "options": [
      {
        "key": "allowrealtime",
        "value": "true",
        "description": null
      },
      {
        "key": "timetorefresh",
        "value": "60",
        "description": null
      },
      {
        "key": "comparerealtimefield",
        "value": "",
        "description": null
      },
      {
        "key": "datarange",
        "value": "",
        "description": null
      },
      {
        "key": "xformatdate",
        "value": "",
        "description": null
      },
      {
        "key": "colors",
        "value": "[\"horizon\"]",
        "description": null
      }
    ],
    "layoutType": 1,
    "allowOverrideOptions": false,
    "allowPassingDatasource": false,
    "name": "hardwarecounters",
    "displayName": "Hardware Counters",
    "timeSpan": 637118529133936217,
    "id": "5dd02c6d1558c56c40d795e7"
  }
]