[
  {
    "connectionString": "mongodb://localhost:27017/letportal",
    "dataSource": "letportal",
    "databaseConnectionType": "mongodb",
    "name": "Database Management",
    "displayName": "Database Management",
    "timeSpan": 637118529133209127,
    "id": "5c17b4df7cf5e34530d103b9"
  },
  {
    "connectionString": "mongodb://localhost:27017/letportalservices",
    "dataSource": "letportalservices",
    "databaseConnectionType": "mongodb",
    "name": "Service Management",
    "displayName": "Service Management",
    "timeSpan": 637118529134528761,
    "id": "5dc786a40f4b6b13e0a909f2"
  }
]