[
  {
    "listDatasource": {
      "sourceType": 0,
      "databaseConnectionOptions": {
        "databaseConnectionId": "5c17b4df7cf5e34530d103b9",
        "entityName": "apps",
        "query": "{ \"$query\": { \"apps\": [ ] } }"
      },
      "httpServiceOptions": null
    },
    "paramsList": null,
    "filtersList": null,
    "columnsList": {
      "columndDefs": [
        {
          "id": "21c6461b-d8fc-4fb0-9786-ce410fc52ef0",
          "name": "id",
          "displayName": "Id",
          "displayFormat": "{0}",
          "htmlFunction": null,
          "displayFormatAsHtml": false,
          "allowSort": false,
          "searchOptions": {
            "fieldValueType": 0,
            "allowTextSearch": false,
            "allowInAdvancedMode": false
          },
          "datasourceOptions": null,
          "isHidden": true,
          "order": 0
        },
        {
          "id": "42e1feb7-da0d-4308-a8ae-6b6e537b19f8",
          "name": "displayName",
          "displayName": "Name",
          "displayFormat": "{0}",
          "htmlFunction": null,
          "displayFormatAsHtml": false,
          "allowSort": true,
          "searchOptions": {
            "fieldValueType": 0,
            "allowTextSearch": true,
            "allowInAdvancedMode": true
          },
          "datasourceOptions": null,
          "isHidden": false,
          "order": 1
        },
        {
          "id": "3b7273b0-c477-4623-ae5f-4c282ccb024b",
          "name": "currentVersionNumber",
          "displayName": "Version",
          "displayFormat": "{0}",
          "htmlFunction": null,
          "displayFormatAsHtml": false,
          "allowSort": true,
          "searchOptions": {
            "fieldValueType": 0,
            "allowTextSearch": true,
            "allowInAdvancedMode": true
          },
          "datasourceOptions": null,
          "isHidden": false,
          "order": 2
        },
        {
          "id": "3942950e-0dca-4884-9726-c9f1f01af528",
          "name": "defaultUrl",
          "displayName": "Default Url",
          "displayFormat": "{0}",
          "htmlFunction": null,
          "displayFormatAsHtml": false,
          "allowSort": false,
          "searchOptions": {
            "fieldValueType": 0,
            "allowTextSearch": true,
            "allowInAdvancedMode": true
          },
          "datasourceOptions": null,
          "isHidden": false,
          "order": 3
        },
        {
          "id": "beb71bc6-ce82-45d8-ad3f-e75f05f49354",
          "name": "dateCreated",
          "displayName": "Date Created",
          "displayFormat": "{0:dd/MM/yyyy}",
          "htmlFunction": null,
          "displayFormatAsHtml": false,
          "allowSort": false,
          "searchOptions": {
            "fieldValueType": 4,
            "allowTextSearch": true,
            "allowInAdvancedMode": true
          },
          "datasourceOptions": null,
          "isHidden": false,
          "order": 4
        }
      ]
    },
    "commandsList": {
      "commandButtonsInList": [
        {
          "id": "4d3b22cb-1e08-4082-8dec-9fe8ee7d9674",
          "name": "create",
          "displayName": "Create",
          "icon": null,
          "color": "primary",
          "commandPositionType": 1,
          "actionCommandOptions": {
            "isEnable": false,
            "actionType": 3,
            "redirectOptions": {
              "redirectType": 1,
              "redirectUrl": "portal/page/app-form",
              "targetPageId": null,
              "passParams": null,
              "isSameDomain": true
            },
            "httpServiceOptions": null,
            "databaseOptions": null,
            "workflowOptions": null,
            "notificationOptions": null
          },
          "allowRefreshList": false,
          "order": 0
        },
        {
          "id": "a35d9ea1-05b4-4c9a-9217-d0867afbdfd0",
          "name": "edit",
          "displayName": "Edit",
          "icon": "create",
          "color": "primary",
          "commandPositionType": 0,
          "actionCommandOptions": {
            "isEnable": false,
            "actionType": 3,
            "redirectOptions": {
              "redirectType": 1,
              "redirectUrl": "portal/page/app-form?id={{data.id}}",
              "targetPageId": null,
              "passParams": null,
              "isSameDomain": true
            },
            "httpServiceOptions": null,
            "databaseOptions": null,
            "workflowOptions": null,
            "notificationOptions": null
          },
          "allowRefreshList": false,
          "order": 1
        },
        {
          "id": "2ce03ce6-1f28-4eb4-bc4a-91440eaa2879",
          "name": "delete",
          "displayName": "Delete",
          "icon": "delete",
          "color": "warn",
          "commandPositionType": 0,
          "actionCommandOptions": {
            "isEnable": false,
            "actionType": 3,
            "redirectOptions": {
              "redirectType": 1,
              "redirectUrl": "portal/page/app-form?id={{data.id}}",
              "targetPageId": null,
              "passParams": null,
              "isSameDomain": true
            },
            "httpServiceOptions": null,
            "databaseOptions": null,
            "workflowOptions": null,
            "notificationOptions": null
          },
          "allowRefreshList": false,
          "order": 0
        },
        {
          "id": "d16d7fed-88c0-45a2-9be7-390c262c174e",
          "name": "menu",
          "displayName": "Menu",
          "icon": "menu",
          "color": "primary",
          "commandPositionType": 0,
          "actionCommandOptions": {
            "isEnable": false,
            "actionType": 3,
            "redirectOptions": {
              "redirectType": 1,
              "redirectUrl": "portal/builder/menus/{{data.id}}",
              "targetPageId": null,
              "passParams": null,
              "isSameDomain": true
            },
            "httpServiceOptions": null,
            "databaseOptions": null,
            "workflowOptions": null,
            "notificationOptions": null
          },
          "allowRefreshList": false,
          "order": 2
        }
      ]
    },
    "datasourceName": null,
    "options": [
      {
        "key": "sizeoptions",
        "value": "[10,20,50,100,200]",
        "description": null
      },
      {
        "key": "defaultpagesize",
        "value": "10",
        "description": null
      },
      {
        "key": "fetchfirsttime",
        "value": "true",
        "description": null
      },
      {
        "key": "maximumcolumns",
        "value": "6",
        "description": null
      },
      {
        "key": "enablesearch",
        "value": "true",
        "description": null
      },
      {
        "key": "enableadvancedsearch",
        "value": "true",
        "description": null
      },
      {
        "key": "enablepagination",
        "value": "true",
        "description": null
      }
    ],
    "layoutType": 0,
    "allowOverrideOptions": false,
    "allowPassingDatasource": false,
    "name": "app-list-section-part",
    "displayName": "Apps List",
    "timeSpan": 637118529133807257,
    "id": "5d0f2dca6ba2fd4ca49e3741"
  },
  {
    "listDatasource": {
      "sourceType": 0,
      "databaseConnectionOptions": {
        "databaseConnectionId": "5c17b4df7cf5e34530d103b9",
        "entityName": "apps",
        "query": "{ \"$query\": { \"pages\": [ ] } }"
      },
      "httpServiceOptions": null
    },
    "paramsList": null,
    "filtersList": null,
    "columnsList": {
      "columndDefs": [
        {
          "id": "13b5f8a1-e54c-4801-bb3a-185281f7acc6",
          "name": "id",
          "displayName": "Id",
          "displayFormat": "{0}",
          "htmlFunction": null,
          "displayFormatAsHtml": false,
          "allowSort": false,
          "searchOptions": {
            "fieldValueType": 0,
            "allowTextSearch": false,
            "allowInAdvancedMode": false
          },
          "datasourceOptions": null,
          "isHidden": true,
          "order": 0
        },
        {
          "id": "60173275-5a29-45af-9818-66a09fc84d85",
          "name": "displayName",
          "displayName": "Name",
          "displayFormat": "{0}",
          "htmlFunction": null,
          "displayFormatAsHtml": false,
          "allowSort": true,
          "searchOptions": {
            "fieldValueType": 0,
            "allowTextSearch": true,
            "allowInAdvancedMode": true
          },
          "datasourceOptions": null,
          "isHidden": false,
          "order": 1
        },
        {
          "id": "a114d081-b1b1-48d9-a440-c3845f9badba",
          "name": "urlPath",
          "displayName": "Url",
          "displayFormat": "{0}",
          "htmlFunction": null,
          "displayFormatAsHtml": false,
          "allowSort": true,
          "searchOptions": {
            "fieldValueType": 0,
            "allowTextSearch": true,
            "allowInAdvancedMode": true
          },
          "datasourceOptions": null,
          "isHidden": false,
          "order": 2
        },
        {
          "id": "6823c64a-c9c6-4867-89ef-5c3d939d25a6",
          "name": "name",
          "displayName": "Name",
          "displayFormat": "{0}",
          "htmlFunction": null,
          "displayFormatAsHtml": false,
          "allowSort": false,
          "searchOptions": {
            "fieldValueType": 0,
            "allowTextSearch": true,
            "allowInAdvancedMode": true
          },
          "datasourceOptions": null,
          "isHidden": true,
          "order": 3
        }
      ]
    },
    "commandsList": {
      "commandButtonsInList": [
        {
          "id": "66817102-dda3-4499-a479-76622fb111e7",
          "name": "create",
          "displayName": "Create",
          "icon": null,
          "color": "primary",
          "commandPositionType": 1,
          "actionCommandOptions": {
            "isEnable": false,
            "actionType": 3,
            "redirectOptions": {
              "redirectType": 1,
              "redirectUrl": "portal/builder/page",
              "targetPageId": null,
              "passParams": null,
              "isSameDomain": true
            },
            "httpServiceOptions": null,
            "databaseOptions": null,
            "workflowOptions": null,
            "notificationOptions": null
          },
          "allowRefreshList": false,
          "order": 0
        },
        {
          "id": "4a1620bf-01c8-4807-baab-f0dd7d6860ff",
          "name": "edit",
          "displayName": "Edit",
          "icon": "create",
          "color": "primary",
          "commandPositionType": 0,
          "actionCommandOptions": {
            "isEnable": false,
            "actionType": 3,
            "redirectOptions": {
              "redirectType": 1,
              "redirectUrl": "portal/builder/page/{{data.name}}",
              "targetPageId": null,
              "passParams": null,
              "isSameDomain": true
            },
            "httpServiceOptions": null,
            "databaseOptions": null,
            "workflowOptions": null,
            "notificationOptions": null
          },
          "allowRefreshList": false,
          "order": 1
        }
      ]
    },
    "datasourceName": null,
    "options": [
      {
        "key": "sizeoptions",
        "value": "[10,20,50,100,200]",
        "description": null
      },
      {
        "key": "defaultpagesize",
        "value": "10",
        "description": null
      },
      {
        "key": "fetchfirsttime",
        "value": "true",
        "description": null
      },
      {
        "key": "maximumcolumns",
        "value": "6",
        "description": null
      },
      {
        "key": "enablesearch",
        "value": "true",
        "description": null
      },
      {
        "key": "enableadvancedsearch",
        "value": "true",
        "description": null
      },
      {
        "key": "enablepagination",
        "value": "true",
        "description": null
      }
    ],
    "layoutType": 0,
    "allowOverrideOptions": false,
    "allowPassingDatasource": false,
    "name": "page-list-section-part",
    "displayName": "Pages List",
    "timeSpan": 637118529133814656,
    "id": "5d0f2dca6ba2fd4ca49e3742"
  }
]