[
  {
    "urlPath": "portal/page/apps-management",
    "shellOptions": null,
    "claims": [
      {
        "name": "allowaccess",
        "displayName": "Allow Access",
        "claimValueType": 0
      }
    ],
    "builder": {
      "sections": [
        {
          "id": "5d0c7da473e71f3330054792",
          "name": "appslist",
          "displayName": "Apps List",
          "constructionType": 2,
          "overrideOptions": null,
          "sectionDatasource": null,
          "componentId": "5d0f2dca6ba2fd4ca49e3741",
          "order": 0
        }
      ]
    },
    "pageDatasources": null,
    "events": null,
    "commands": null,
    "name": "apps-management",
    "displayName": "Apps Management",
    "timeSpan": 637118529132235007,
    "id": "5c06a1854cc9a850bca4448c"
  },
  {
    "urlPath": "portal/page/pages-management",
    "shellOptions": null,
    "claims": [
      {
        "name": "allowaccess",
        "displayName": "Allow Access",
        "claimValueType": 0
      }
    ],
    "builder": {
      "sections": [
        {
          "id": "5d0c7da473e71f3330054793",
          "name": "pageslist",
          "displayName": "Pages List",
          "constructionType": 2,
          "overrideOptions": null,
          "sectionDatasource": null,
          "componentId": "5d0f2dca6ba2fd4ca49e3742",
          "order": 0
        }
      ]
    },
    "pageDatasources": null,
    "events": null,
    "commands": null,
    "name": "pages-management",
    "displayName": "Pages Management",
    "timeSpan": 637118529132286714,
    "id": "5cf6190b854f4dbc7921cca7"
  }
]