[
  {
    "controls": [
      {
        "id": "be0bbde4-b189-9e7d-95ab-98af8e681559",
        "name": "id",
        "datasourceOptions": {
          "type": 0,
          "datasourceStaticOptions": {
            "jsonResource": ""
          },
          "databaseOptions": {
            "databaseConnectionId": "",
            "entityName": "",
            "query": ""
          },
          "httpServiceOptions": {
            "httpServiceUrl": "",
            "httpMethod": "Get",
            "httpSuccessCode": "200",
            "jsonBody": "",
            "outputProjection": ""
          },
          "triggeredEvents": null
        },
        "isActive": false,
        "order": 0,
        "type": 2,
        "validators": [],
        "asyncValidators": [],
        "options": [
          {
            "key": "label",
            "value": "id",
            "description": null
          },
          {
            "key": "tooltip",
            "value": "id",
            "description": null
          },
          {
            "key": "disabled",
            "value": "true",
            "description": null
          },
          {
            "key": "hidden",
            "value": "true",
            "description": null
          },
          {
            "key": "bindname",
            "value": "id",
            "description": null
          }
        ],
        "pageControlEvents": [
          {
            "eventName": "id_change",
            "eventActionType": 0,
            "httpServiceOptions": {
              "boundData": [],
              "httpServiceUrl": "",
              "httpMethod": "Get",
              "httpSuccessCode": "200",
              "jsonBody": "",
              "outputProjection": ""
            },
            "triggerEventOptions": {
              "eventsList": []
            }
          }
        ]
      },
      {
        "id": "b1b51c52-1312-c5ea-2e5a-8296392da949",
        "name": "name",
        "datasourceOptions": {
          "type": 0,
          "datasourceStaticOptions": {
            "jsonResource": ""
          },
          "databaseOptions": {
            "databaseConnectionId": "",
            "entityName": "",
            "query": ""
          },
          "httpServiceOptions": {
            "httpServiceUrl": "",
            "httpMethod": "Get",
            "httpSuccessCode": "200",
            "jsonBody": "",
            "outputProjection": ""
          },
          "triggeredEvents": null
        },
        "isActive": false,
        "order": 1,
        "type": 2,
        "validators": [
          {
            "validatorType": 0,
            "isActive": true,
            "validatorOption": null,
            "validatorMessage": "Please enter a database name"
          },
          {
            "validatorType": 2,
            "isActive": true,
            "validatorOption": "250",
            "validatorMessage": "This field requires maximum 250 characters"
          }
        ],
        "asyncValidators": [],
        "options": [
          {
            "key": "label",
            "value": "Name",
            "description": null
          },
          {
            "key": "tooltip",
            "value": "Name",
            "description": null
          },
          {
            "key": "disabled",
            "value": "false",
            "description": null
          },
          {
            "key": "hidden",
            "value": "false",
            "description": null
          },
          {
            "key": "bindname",
            "value": "name",
            "description": null
          }
        ],
        "pageControlEvents": [
          {
            "eventName": "name_change",
            "eventActionType": 0,
            "httpServiceOptions": {
              "boundData": [],
              "httpServiceUrl": "",
              "httpMethod": "Get",
              "httpSuccessCode": "200",
              "jsonBody": "",
              "outputProjection": ""
            },
            "triggerEventOptions": {
              "eventsList": []
            }
          }
        ]
      },
      {
        "id": "da8c538a-3791-596d-93e2-ec01cbe8b198",
        "name": "dataSource",
        "datasourceOptions": {
          "type": 0,
          "datasourceStaticOptions": {
            "jsonResource": ""
          },
          "databaseOptions": {
            "databaseConnectionId": "",
            "entityName": "",
            "query": ""
          },
          "httpServiceOptions": {
            "httpServiceUrl": "",
            "httpMethod": "Get",
            "httpSuccessCode": "200",
            "jsonBody": "",
            "outputProjection": ""
          },
          "triggeredEvents": null
        },
        "isActive": false,
        "order": 2,
        "type": 2,
        "validators": [
          {
            "validatorType": 0,
            "isActive": true,
            "validatorOption": null,
            "validatorMessage": "Please enter a datasource"
          },
          {
            "validatorType": 2,
            "isActive": true,
            "validatorOption": "250",
            "validatorMessage": "This field requires maximum 250 characters"
          }
        ],
        "asyncValidators": [],
        "options": [
          {
            "key": "label",
            "value": "Datasource",
            "description": null
          },
          {
            "key": "tooltip",
            "value": "Datasource",
            "description": null
          },
          {
            "key": "disabled",
            "value": "false",
            "description": null
          },
          {
            "key": "hidden",
            "value": "false",
            "description": null
          },
          {
            "key": "bindname",
            "value": "dataSource",
            "description": null
          }
        ],
        "pageControlEvents": [
          {
            "eventName": "dataSource_change",
            "eventActionType": 0,
            "httpServiceOptions": {
              "boundData": [],
              "httpServiceUrl": "",
              "httpMethod": "Get",
              "httpSuccessCode": "200",
              "jsonBody": "",
              "outputProjection": ""
            },
            "triggerEventOptions": {
              "eventsList": []
            }
          }
        ]
      },
      {
        "id": "b1b51c52-1312-c5ea-2e5a-8296392da949",
        "name": "connectionString",
        "datasourceOptions": {
          "type": 0,
          "datasourceStaticOptions": {
            "jsonResource": ""
          },
          "databaseOptions": {
            "databaseConnectionId": "",
            "entityName": "",
            "query": ""
          },
          "httpServiceOptions": {
            "httpServiceUrl": "",
            "httpMethod": "Get",
            "httpSuccessCode": "200",
            "jsonBody": "",
            "outputProjection": ""
          },
          "triggeredEvents": null
        },
        "isActive": false,
        "order": 3,
        "type": 2,
        "validators": [
          {
            "validatorType": 0,
            "isActive": true,
            "validatorOption": null,
            "validatorMessage": "Please enter a connection string"
          },
          {
            "validatorType": 2,
            "isActive": true,
            "validatorOption": "500",
            "validatorMessage": "This field requires maximum 500 characters"
          }
        ],
        "asyncValidators": [],
        "options": [
          {
            "key": "label",
            "value": "Connection String",
            "description": null
          },
          {
            "key": "tooltip",
            "value": "Connection String",
            "description": null
          },
          {
            "key": "disabled",
            "value": "false",
            "description": null
          },
          {
            "key": "hidden",
            "value": "false",
            "description": null
          },
          {
            "key": "bindname",
            "value": "connectionString",
            "description": null
          }
        ],
        "pageControlEvents": [
          {
            "eventName": "connectionString_change",
            "eventActionType": 0,
            "httpServiceOptions": {
              "boundData": [],
              "httpServiceUrl": "",
              "httpMethod": "Get",
              "httpSuccessCode": "200",
              "jsonBody": "",
              "outputProjection": ""
            },
            "triggerEventOptions": {
              "eventsList": []
            }
          }
        ]
      },
      {
        "id": "55d8d892-bbe0-f8c0-b3c6-b18b186b8ec2",
        "name": "databaseConnectionType",
        "datasourceOptions": {
          "type": 0,
          "datasourceStaticOptions": {
            "jsonResource": "[{\"name\":\"MongoDB\",\"value\":\"mongodb\"},{\"name\":\"SQL Server\",\"value\":\"sqlserver\"}, {\"name\":\"PostgreSQL\",\"value\":\"postgresql\"}, {\"name\":\"MySQL\",\"value\":\"mysql\"}]"
          },
          "databaseOptions": null,
          "httpServiceOptions": null,
          "triggeredEvents": null
        },
        "isActive": false,
        "order": 4,
        "type": 11,
        "validators": [
          {
            "validatorType": 0,
            "isActive": true,
            "validatorOption": null,
            "validatorMessage": "Please choose one connection type"
          }
        ],
        "asyncValidators": [],
        "options": [
          {
            "key": "label",
            "value": "Connection Type",
            "description": null
          },
          {
            "key": "tooltip",
            "value": "",
            "description": null
          },
          {
            "key": "disabled",
            "value": "false",
            "description": null
          },
          {
            "key": "hidden",
            "value": "false",
            "description": null
          },
          {
            "key": "bindname",
            "value": "databaseConnectionType",
            "description": null
          }
        ],
        "pageControlEvents": [
          {
            "eventName": "databaseConnectionType_change",
            "eventActionType": 0,
            "httpServiceOptions": {
              "boundData": [],
              "httpServiceUrl": "",
              "httpMethod": "Get",
              "httpSuccessCode": "200",
              "jsonBody": "",
              "outputProjection": ""
            },
            "triggerEventOptions": {
              "eventsList": []
            }
          }
        ]
      }
    ],
    "datasourceName": null,
    "options": null,
    "layoutType": 1,
    "allowOverrideOptions": false,
    "allowPassingDatasource": false,
    "name": "database-form",
    "displayName": "Database Form",
    "timeSpan": 637118529134088694,
    "id": "5d25f6abe88d28422061cfaf"
  },
  {
    "controls": [
      {
        "id": "55d8d892-bbe0-f8c0-b3c6-b18b186b8ec1",
        "name": "id",
        "datasourceOptions": {
          "type": 0,
          "datasourceStaticOptions": {
            "jsonResource": ""
          },
          "databaseOptions": {
            "databaseConnectionId": "",
            "entityName": "",
            "query": ""
          },
          "httpServiceOptions": {
            "httpServiceUrl": "",
            "httpMethod": "Get",
            "httpSuccessCode": "200",
            "jsonBody": "",
            "outputProjection": ""
          },
          "triggeredEvents": null
        },
        "isActive": false,
        "order": 0,
        "type": 2,
        "validators": [],
        "asyncValidators": [],
        "options": [
          {
            "key": "label",
            "value": "Id",
            "description": null
          },
          {
            "key": "tooltip",
            "value": "",
            "description": null
          },
          {
            "key": "disabled",
            "value": "true",
            "description": null
          },
          {
            "key": "hidden",
            "value": "true",
            "description": null
          },
          {
            "key": "bindname",
            "value": "id",
            "description": null
          }
        ],
        "pageControlEvents": [
          {
            "eventName": "id_change",
            "eventActionType": 0,
            "httpServiceOptions": {
              "boundData": [],
              "httpServiceUrl": "",
              "httpMethod": "Get",
              "httpSuccessCode": "200",
              "jsonBody": "",
              "outputProjection": ""
            },
            "triggerEventOptions": {
              "eventsList": []
            }
          }
        ]
      },
      {
        "id": "55d8d892-bbe0-f8c0-b3c6-b18b186b8ec2",
        "name": "name",
        "datasourceOptions": {
          "type": 0,
          "datasourceStaticOptions": {
            "jsonResource": ""
          },
          "databaseOptions": {
            "databaseConnectionId": "",
            "entityName": "",
            "query": ""
          },
          "httpServiceOptions": {
            "httpServiceUrl": "",
            "httpMethod": "Get",
            "httpSuccessCode": "200",
            "jsonBody": "",
            "outputProjection": ""
          },
          "triggeredEvents": null
        },
        "isActive": false,
        "order": 1,
        "type": 2,
        "validators": [
          {
            "validatorType": 0,
            "isActive": true,
            "validatorOption": null,
            "validatorMessage": "Please enter a app name"
          },
          {
            "validatorType": 2,
            "isActive": true,
            "validatorOption": "250",
            "validatorMessage": "This field requires maximum 250 characters"
          }
        ],
        "asyncValidators": [],
        "options": [
          {
            "key": "label",
            "value": "Name",
            "description": null
          },
          {
            "key": "tooltip",
            "value": "Name",
            "description": null
          },
          {
            "key": "disabled",
            "value": "!!queryparams.id",
            "description": null
          },
          {
            "key": "hidden",
            "value": "false",
            "description": null
          },
          {
            "key": "bindname",
            "value": "name",
            "description": null
          }
        ],
        "pageControlEvents": [
          {
            "eventName": "name_change",
            "eventActionType": 0,
            "httpServiceOptions": {
              "boundData": [],
              "httpServiceUrl": "",
              "httpMethod": "Get",
              "httpSuccessCode": "200",
              "jsonBody": "",
              "outputProjection": ""
            },
            "triggerEventOptions": {
              "eventsList": []
            }
          }
        ]
      },
      {
        "id": "55d8d892-bbe0-f8c0-b3c6-b18b186b8ec3",
        "name": "displayName",
        "datasourceOptions": {
          "type": 0,
          "datasourceStaticOptions": {
            "jsonResource": ""
          },
          "databaseOptions": {
            "databaseConnectionId": "",
            "entityName": "",
            "query": ""
          },
          "httpServiceOptions": {
            "httpServiceUrl": "",
            "httpMethod": "Get",
            "httpSuccessCode": "200",
            "jsonBody": "",
            "outputProjection": ""
          },
          "triggeredEvents": null
        },
        "isActive": false,
        "order": 2,
        "type": 2,
        "validators": [
          {
            "validatorType": 0,
            "isActive": true,
            "validatorOption": null,
            "validatorMessage": "Please enter a display name"
          },
          {
            "validatorType": 2,
            "isActive": true,
            "validatorOption": "250",
            "validatorMessage": "This field requires maximum 250 characters"
          }
        ],
        "asyncValidators": [],
        "options": [
          {
            "key": "label",
            "value": "Display Name",
            "description": null
          },
          {
            "key": "tooltip",
            "value": "Display Name",
            "description": null
          },
          {
            "key": "disabled",
            "value": "false",
            "description": null
          },
          {
            "key": "hidden",
            "value": "false",
            "description": null
          },
          {
            "key": "bindname",
            "value": "displayName",
            "description": null
          }
        ],
        "pageControlEvents": [
          {
            "eventName": "displayName_change",
            "eventActionType": 0,
            "httpServiceOptions": {
              "boundData": [],
              "httpServiceUrl": "",
              "httpMethod": "Get",
              "httpSuccessCode": "200",
              "jsonBody": "",
              "outputProjection": ""
            },
            "triggerEventOptions": {
              "eventsList": []
            }
          }
        ]
      },
      {
        "id": "55d8d892-bbe0-f8c0-b3c6-b18b186b8ec4",
        "name": "defaultUrl",
        "datasourceOptions": {
          "type": 0,
          "datasourceStaticOptions": {
            "jsonResource": ""
          },
          "databaseOptions": {
            "databaseConnectionId": "",
            "entityName": "",
            "query": ""
          },
          "httpServiceOptions": {
            "httpServiceUrl": "",
            "httpMethod": "Get",
            "httpSuccessCode": "200",
            "jsonBody": "",
            "outputProjection": ""
          },
          "triggeredEvents": null
        },
        "isActive": false,
        "order": 3,
        "type": 2,
        "validators": [
          {
            "validatorType": 0,
            "isActive": true,
            "validatorOption": null,
            "validatorMessage": "Please enter a default url"
          },
          {
            "validatorType": 2,
            "isActive": true,
            "validatorOption": "250",
            "validatorMessage": "This field requires maximum 250 characters"
          }
        ],
        "asyncValidators": [],
        "options": [
          {
            "key": "label",
            "value": "Default Url",
            "description": null
          },
          {
            "key": "tooltip",
            "value": "Default Url",
            "description": null
          },
          {
            "key": "disabled",
            "value": "false",
            "description": null
          },
          {
            "key": "hidden",
            "value": "false",
            "description": null
          },
          {
            "key": "bindname",
            "value": "defaultUrl",
            "description": null
          }
        ],
        "pageControlEvents": [
          {
            "eventName": "defaultUrl_change",
            "eventActionType": 0,
            "httpServiceOptions": {
              "boundData": [],
              "httpServiceUrl": "",
              "httpMethod": "Get",
              "httpSuccessCode": "200",
              "jsonBody": "",
              "outputProjection": ""
            },
            "triggerEventOptions": {
              "eventsList": []
            }
          }
        ]
      },
      {
        "id": "55d8d892-bbe0-f8c0-b3c6-b18b186b8232",
        "name": "currentVersionNumber",
        "datasourceOptions": {
          "type": 0,
          "datasourceStaticOptions": {
            "jsonResource": ""
          },
          "databaseOptions": {
            "databaseConnectionId": "",
            "entityName": "",
            "query": ""
          },
          "httpServiceOptions": {
            "httpServiceUrl": "",
            "httpMethod": "Get",
            "httpSuccessCode": "200",
            "jsonBody": "",
            "outputProjection": ""
          },
          "triggeredEvents": null
        },
        "isActive": false,
        "order": 4,
        "type": 2,
        "validators": [
          {
            "validatorType": 0,
            "isActive": true,
            "validatorOption": null,
            "validatorMessage": "Please enter a version number"
          },
          {
            "validatorType": 2,
            "isActive": true,
            "validatorOption": "50",
            "validatorMessage": "This field requires maximum 50 characters"
          }
        ],
        "asyncValidators": [],
        "options": [
          {
            "key": "label",
            "value": "Version",
            "description": null
          },
          {
            "key": "tooltip",
            "value": "App Version",
            "description": null
          },
          {
            "key": "disabled",
            "value": "false",
            "description": null
          },
          {
            "key": "hidden",
            "value": "false",
            "description": null
          },
          {
            "key": "bindname",
            "value": "currentVersionNumber",
            "description": null
          }
        ],
        "pageControlEvents": [
          {
            "eventName": "currentVersionNumber_change",
            "eventActionType": 0,
            "httpServiceOptions": {
              "boundData": [],
              "httpServiceUrl": "",
              "httpMethod": "Get",
              "httpSuccessCode": "200",
              "jsonBody": "",
              "outputProjection": ""
            },
            "triggerEventOptions": {
              "eventsList": []
            }
          }
        ]
      },
      {
        "id": "55d8d892-bbe0-f8c0-b3c6-b18b186b8ec1",
        "name": "logo",
        "datasourceOptions": {
          "type": 0,
          "datasourceStaticOptions": {
            "jsonResource": ""
          },
          "databaseOptions": {
            "databaseConnectionId": "",
            "entityName": "",
            "query": ""
          },
          "httpServiceOptions": {
            "httpServiceUrl": "",
            "httpMethod": "Get",
            "httpSuccessCode": "200",
            "jsonBody": "",
            "outputProjection": ""
          },
          "triggeredEvents": null
        },
        "isActive": false,
        "order": 4,
        "type": 16,
        "validators": [
          {
            "validatorType": 0,
            "isActive": true,
            "validatorOption": null,
            "validatorMessage": "Please choose one icon"
          }
        ],
        "asyncValidators": [],
        "options": [
          {
            "key": "label",
            "value": "Icon",
            "description": null
          },
          {
            "key": "tooltip",
            "value": "Icon",
            "description": null
          },
          {
            "key": "disabled",
            "value": "false",
            "description": null
          },
          {
            "key": "hidden",
            "value": "false",
            "description": null
          },
          {
            "key": "bindname",
            "value": "logo",
            "description": null
          }
        ],
        "pageControlEvents": [
          {
            "eventName": "logo_change",
            "eventActionType": 0,
            "httpServiceOptions": {
              "boundData": [],
              "httpServiceUrl": "",
              "httpMethod": "Get",
              "httpSuccessCode": "200",
              "jsonBody": "",
              "outputProjection": ""
            },
            "triggerEventOptions": {
              "eventsList": []
            }
          }
        ]
      }
    ],
    "datasourceName": null,
    "options": null,
    "layoutType": 1,
    "allowOverrideOptions": false,
    "allowPassingDatasource": false,
    "name": "app-form",
    "displayName": "App Form",
    "timeSpan": 637118529134180071,
    "id": "5d3836194d8fa90874135d68"
  }
]